,Evidence Type,Important Info,URL,Extra Info,Priority Score,Headline Sentiment
0,sentiment-analysis-of-intelligence_statement,"neutral sentiment, score: 0.5365559458732605",,,,
1,Corroboration,Russian forces invade Ukraine after Putin orders attack | Hacker News,https://news.ycombinator.com/item?id=30450336,"Feb 24, 2022 ... In his 1997 book The Grand Chessboard Zbigniew Brzezinski did say that if Europe went to war again it would start in Ukraine. Page Type:  Published on: ",200,"neutral sentiment, score=0.7818233966827393"
2,Corroboration,The Undeniable Street View | Hacker News,https://news.ycombinator.com/item?id=35312352,"Mar 26, 2023 ... I see people constantly celebrating the death of Russian soldiers and it ... The headline on CNN right now is ""Putin is scaring the world toÂ ... Page Type:  Published on: ",170,"neutral sentiment, score=0.6300176382064819"
3,Corroboration,Understanding the War in Ukraine | Hacker News,https://news.ycombinator.com/item?id=30464286,"Feb 25, 2022 ... NATO does â€œauthorizeâ€ military operations - the NATO ambassadors ... the USSR is not Russia (though I wonder if Putin even believes that?) Page Type:  Published on: ",160,"neutral sentiment, score=0.8435717225074768"
4,Corroboration,Namecheap: Russia Service Termination | Hacker News,https://news.ycombinator.com/item?id=30504812,"Feb 28, 2022 ... Ukraine has dramatically improved their military training, equipment, ... Putin has been trying to encourage acceptance of war in Russia forÂ ... Page Type:  Published on: ",160,"neutral sentiment, score=0.7863560914993286"
5,Corroboration,Tell HN: If You Are in Russia | Hacker News,https://news.ycombinator.com/item?id=30508314,"Mar 1, 2022 ... Safe to say they are a Russian company with an EU ""presence"" for tax ... would the attitudes of Russians change toward Vladimir Putin in theÂ ... Page Type:  Published on: ",150,"neutral sentiment, score=0.9534454941749573"
6,Corroboration,Vladimir Putin - Wikipedia,https://en.wikipedia.org/wiki/Vladimir_Putin,"Vladimir Vladimirovich Putin (born 7 October 1952) is a Russian politician and former ... On 30 September 2015, President Putin authorized Russian militaryÂ ... Page Type: website Published on: ",140,"neutral sentiment, score=0.9489707350730896"
7,Corroboration,Ukraine Conflict Live Map | Hacker News,https://news.ycombinator.com/item?id=30429192,"Feb 22, 2022 ... Yep, Russian troops have entered Ukraine and that's bad. ... Even with Putin's message that there are ""no country like Ukraine, no UkrainianÂ ... Page Type:  Published on: ",140,"neutral sentiment, score=0.9147552251815796"
8,Corroboration,Fide Women's Grand Prix Collapses into â€œChaosâ€ as Players ...,https://news.ycombinator.com/item?id=35320856,"Mar 27, 2023 ... Very few, if any, international tournaments are restricted to men, but a few are restricted to women, most prominently the Women's WorldÂ ... Page Type:  Published on: ",140,"negative sentiment, score=0.7835426330566406"
9,Corroboration,LATEST COMPUTER GAMES photos on Flickr,https://www.flickr.com/photos/tags/LATEST%20COMPUTER%20GAMES/,"Flickr photos, groups, and tags related to the ""LATEST COMPUTER GAMES"" Flickr tag. Page Type:  Published on: ",130,"neutral sentiment, score=0.9546338319778442"
10,Corroboration,FAO Council photos on Flickr,https://www.flickr.com/photos/tags/FAO%20Council/,"Flickr photos, groups, and tags related to the ""FAO Council"" Flickr tag. Page Type:  Published on: ",130,"neutral sentiment, score=0.9576417207717896"
11,Corroboration,Russo-Ukraine War - 23 December 2022,https://www.globalsecurity.org/military/world/war/russo-ukraine-2022-12-23.htm,"Dec 24, 2022 ... Russian Defence Minister Sergei Shigou explained that the expansion would involve at least two brigades in north-western Russia growing toÂ ... Page Type:  Published on: ",110,"neutral sentiment, score=0.8311382532119751"
12,Corroboration,Decision Sciences Institute Conference photos on Flickr,https://www.flickr.com/photos/tags/Decision%20Sciences%20Institute%20Conference/,"Flickr photos, groups, and tags related to the ""Decision Sciences Institute Conference"" Flickr tag. Page Type:  Published on: ",110,"neutral sentiment, score=0.953619658946991"
13,Corroboration,Ukraine-Russia war: Masked men throw sledgehammers at Finland's embassy in Moscow,https://www.telegraph.co.uk/world-news/2022/12/23/ukraine-russia-war-latest-news-ukraine-russia-war-latest-news/,"Dec 23, 2022 ... The accession to Nato of Finland, which borders Russia, was cited by Russian Defence Minister Sergei Shigou this week as a reason for theÂ ... Page Type: article Published on: ",100,"neutral sentiment, score=0.6499304175376892"
14,Corroboration,TLDR News on TikTok,https://www.tiktok.com/@tldrnews/video/7216677005385878789,ğŸ‡«ğŸ‡® Finland will finally join NATO #nato #finland #sweden #turkey #hungary #military #ukraine #news #politics #europenews #europeannews #fyp #reels #explorepage #fypã‚· #reel #reelvideo #sannamarin #ukrainewar #viktororban #erdogan #sweden #natonews #militarytiktok #euronews #russia #putin Page Type: website Published on: ,100,"neutral sentiment, score=0.9605628848075867"
15,Corroboration,TheInfographicsShow (@theinfographicsshow) Official  | TikTok,https://www.tiktok.com/@theinfographicsshow,TheInfographicsShow (@theinfographicsshow) on TikTok | 30.1M Likes. 1.7M Followers. Official account of The Infographics Show Business: tiktok@darkmatterdesign.com.Watch the latest video from TheInfographicsShow (@theinfographicsshow). Page Type: website Published on: ,90,"neutral sentiment, score=0.9406248331069946"
16,Corroboration,U.S. Senate approves Finland and Sweden for membership into NATO,https://www.npr.org/2022/08/04/1115537908/u-s-senate-approves-finland-and-sweden-for-membership-into-nato,Wednesday's vote for the candidacy of two Western European nations took a crucial step toward expansion of the North Atlantic Treaty Organization. Page Type: article Published on: ,80,"neutral sentiment, score=0.7921702861785889"
17,Corroboration,"Natasha Raquel Kirtchuk Gutman on Instagram: ""â—PLEASE WATCH: Millions of Ukrainians are fleeing their home country following Russia's invasion on February 24th, 2022. I want to show you what it looks like on the border of Ukraine and Poland. This video was shot about 3 weeks ago when I was there covering the refugee crisis. This is the work humanitarian aid workers are doing on a daily basis.

Here are the latest updates on the war:

- Nearly two-thirds of Ukrainian children some 4.8 million - have been displaced, according to the UN

-The mayor of the besieged city of Mariupol has told the Associated Press news agency that at least 10,000 civilians have died in the southern port since the war began.

-Ukraine has denied it is about to lose control of Mariupol.

-President Volodymyr Zelensky warned that Russian troops who have withdrawn from occupied territories to focus on conquering the east have left behind tens of thousands of explosive mines

-Eleven civilians were killed by Russian shelling in the Kha",https://www.instagram.com/p/CcPsWXKtaC2/,"128 likes, 9 comments - Natasha Raquel Kirtchuk Gutman (@natasharaquel) on Instagram: ""â—PLEASE WATCH: Millions of Ukrainians are fleeing their home country following Russia's invasio..."" Page Type: video Published on: ",80,"negative sentiment, score=0.6506614089012146"
18,Corroboration,"r/changemyview on Reddit: CMV: We need to confront Russia directly in Ukraine with NATO military power. Taking it off the table was a mistake. Finland, Sweden, Moldova, and Georgia should all be offered immediate NATO accession and Article 5 security protection. Sanctions should be crippling.",https://www.reddit.com/r/changemyview/comments/t0hf2i/cmv_we_need_to_confront_russia_directly_in/,Posted by u/RunMyLifeReddit - 662 votes and 378 comments Page Type: website Published on: ,80,"negative sentiment, score=0.8464934825897217"
19,Corroboration,What Does Putin Really Want?,https://www.politico.com/news/magazine/2022/02/25/putin-russia-ukraine-invasion-endgame-experts-00011652,"After his shocking invasion, the world wonders how far Russiaâ€™s autocratic leader is really willing to push. Experts on Russia from around the globe offer a look at what we can expect next. Page Type: article Published on: ",70,"neutral sentiment, score=0.951647937297821"
20,Corroboration,"Finland joins NATO, doubling military alliance's border with Russia in a blow for Putin | CNN",https://www.cnn.com/2023/04/04/europe/finland-joins-nato-intl/index.html,"Finland officially became the 31st member of the North Atlantic Treaty Organization (NATO) on Tuesday, marking a major shift in the security landscape in northeastern Europe that adds some 1,300 kilometers (830 miles) to the alliance's frontier with Russia. Page Type: article Published on: 2023-04-04T09:11:32Z",70,"neutral sentiment, score=0.47654756903648376"
21,Corroboration,Philip DeFranco (@philipdefranco) Official  | TikTok,https://www.tiktok.com/@philipdefranco,Philip DeFranco (@philipdefranco) on TikTok | 156.5M Likes. 2.7M Followers. A dad who covers the news for you. Quickies here. Daily Deep Dives on YT.Watch the latest video from Philip DeFranco (@philipdefranco). Page Type: website Published on: ,70,"neutral sentiment, score=0.9365139007568359"
22,Corroboration,russian military salute to putinï½œTikTok Search,https://www.tiktok.com/discover/russian-military-salute-to-putin,Discover videos related to russian military salute to putin on TikTok. Page Type: website Published on: ,70,"neutral sentiment, score=0.9084497094154358"
23,Corroboration,r/changemyview on Reddit: CMV: It is only a matter of time until Russia wins in the Ukraine.,https://www.reddit.com/r/changemyview/comments/tjcaig/cmv_it_is_only_a_matter_of_time_until_russia_wins/,"Posted by u/shortadamlewis - 1,517 votes and 867 comments Page Type: website Published on: ",70,"neutral sentiment, score=0.7148076295852661"
24,Corroboration,"r/changemyview on Reddit: CMV: Anybody who is ""Left"" and thinks NATO is the aggressor in the Ukrainian Crisis is completely daft.",https://www.reddit.com/r/changemyview/comments/scmnrv/cmv_anybody_who_is_left_and_thinks_nato_is_the/,Posted by u/ApostleOfChrist - 971 votes and 316 comments Page Type: website Published on: ,70,"negative sentiment, score=0.8923246264457703"
25,Corroboration,Wail 19 photos on Flickr,https://www.flickr.com/photos/tags/Wail%2019/,"Flickr photos, groups, and tags related to the ""Wail 19"" Flickr tag. Page Type:  Published on: ",70,"neutral sentiment, score=0.9445755481719971"
26,Corroboration,President of the Board of Trade photos on Flickr,https://www.flickr.com/photos/tags/President%20of%20the%20Board%20of%20Trade/,"Flickr photos, groups, and tags related to the ""President of the Board of Trade"" Flickr tag. Page Type:  Published on: ",70,"neutral sentiment, score=0.9630925059318542"
27,Corroboration,NATO Review - The consequences of Russiaâ€™s invasion of Ukraine  for international security â€“ NATO and beyond,https://www.nato.int/docu/review/articles/2022/07/07/the-consequences-of-russias-invasion-of-ukraine-for-international-security-nato-and-beyond/index.html,"February 24, 2022, is likely to engrave itself on the history template of the contemporary world. Russiaâ€™s unprovoked, unjustified and barbaric invasion of Ukraine is not only a manifestation of a huge security danger that has shattered peace in Europe. Page Type: article Published on: 2022-07-07",70,"neutral sentiment, score=0.7023393511772156"
28,Corroboration,Russia Wonâ€™t Sit Idly by after Finland and Sweden Join NATO - War on the Rocks,https://warontherocks.com/2023/03/russia-wont-sit-idly-by-after-finland-and-sweden-join-nato/,"When Finland and Sweden applied for NATO membership last spring, Russiaâ€™s reaction was negative but muted. It consisted only of words, not actions â€” in Page Type: article Published on: 2023-03-30T07:45:27+00:00",70,"neutral sentiment, score=0.6353161334991455"
29,Corroboration,Relations with Ukraine,https://www.nato.int/cps/en/natohq/topics_37750.htm,"A strong, independent Ukraine is vital for the stability of the Euro-Atlantic area. Relations between NATO and Ukraine date back to the early 1990s and have since developed into one of the most substantial of NATOâ€™s partnerships. Since 2014, in the wake of Russiaâ€™s illegal annexation of Crimea, cooperation has been intensified in critical areas. Since Russiaâ€™s full-scale invasion in 2022, NATO and Allies have provided unprecedented levels of support. Page Type: website Published on: ",70,"neutral sentiment, score=0.9397152662277222"
30,Corroboration,"r/dataisbeautiful on Reddit: [OC] Finland joins NATO, more than doubling the alliance's border with Russia",https://www.reddit.com/r/dataisbeautiful/comments/12chifw/oc_finland_joins_nato_more_than_doubling_the/,"Posted by u/giteam - 34,065 votes and 2,303 comments Page Type: website Published on: ",60,"neutral sentiment, score=0.4841848909854889"
31,Corroboration,"r/UpliftingNews on Reddit: Finland becomes 31st member of NATO, doubling the alliance's border with Russia",https://www.reddit.com/r/UpliftingNews/comments/12bkx74/finland_becomes_31st_member_of_nato_doubling_the/,"Posted by u/GoodSamaritan_ - 12,780 votes and 427 comments Page Type: website Published on: ",60,"neutral sentiment, score=0.7442928552627563"
32,Corroboration,r/changemyview on Reddit: CMV: The Russo-Ukrainian Invasion is the most morally one-sided war since 1945,https://www.reddit.com/r/changemyview/comments/1194zur/cmv_the_russoukrainian_invasion_is_the_most/,Posted by u/DJJazzay - 227 votes and 536 comments Page Type: website Published on: ,60,"negative sentiment, score=0.7226688861846924"
33,Corroboration,List of Russian military bases abroad - Wikipedia,https://en.wikipedia.org/wiki/List_of_Russian_military_bases_abroad,This article lists military bases of Russia abroad. The majority of Russia's military bases and facilities are located in former Soviet republics; which inÂ ... Page Type: website Published on: ,50,"neutral sentiment, score=0.9529520273208618"
34,Corroboration,"r/changemyview on Reddit: CMV: Putin is a maniac, and his war in Ukraine is a human-rights atrocity that has ZERO justification for happening.",https://www.reddit.com/r/changemyview/comments/ydb11h/cmv_putin_is_a_maniac_and_his_war_in_ukraine_is_a/,Posted by u/TyGuyy - 139 votes and 348 comments Page Type: website Published on: ,50,"negative sentiment, score=0.8037000298500061"
35,Corroboration,r/changemyview on Reddit: CMV: Trump would not have stopped a Ukraine invasion,https://www.reddit.com/r/changemyview/comments/t3invv/cmv_trump_would_not_have_stopped_a_ukraine/,"Posted by u/sawdeanz - 2,910 votes and 801 comments Page Type: website Published on: ",50,"neutral sentiment, score=0.612418532371521"
36,Corroboration,The Moskva in 2014,https://www.flickr.com/photos/13476480@N07/52063670505,"The Moskva in 2014. The vesselâ€™s sinking has symbolic, diplomatic and military importance. Sergei Ilnitsky/EPA, via Shutterstock  ---------------------------------  Prized Russian Ship Was Hit by Missiles, U.S. Officials Say April 15, 2022, 7:33 p.m. ETApril 15, 2022 April 15, 2022 Julian E. Barnes and James Glanz www.nytimes.com/2022/04/15/us/politics/russia-moskva-ship...   WASHINGTON â€” The Moskva was the pride of Russiaâ€™s Black Sea Fleet, a symbol of the countryâ€™s dominance of the region and a powerful war machine that had been used to launch precision cruise missiles deep inside Ukraine.  Despite claims by Russia that an accidental fire broke out on the ship, U.S. officials confirmed on Friday that two Ukrainian Neptune missiles had struck the vessel, killing an unknown number of sailors and sending it and its arsenal to the bottom of the Black Sea.  The sinking of the Moskva on Thursday was a grave blow to the Russian fleet and a dramatic demonstration of the current era of warfare in which missi Page Type: article Published on: ",50,"neutral sentiment, score=0.947904109954834"
37,Corroboration,Russia&#39;s â€œSpecial Military Operation:â€ Why it Went Wrong,https://vk.com/@agitpapa-russias-special-military-operation-why-it-went-wrong,(but not as wrong as the West's response) Page Type: website Published on: ,50,"neutral sentiment, score=0.5760199427604675"
38,Corroboration,Imgur: The magic of the Internet,https://imgur.com/t/russian/time,"Imgur is the easiest way to discover and enjoy the magic of the Internet. Itâ€™s where youâ€™ll find the funniest, most informative and inspiring images, memes, GIFs, and visual stories served up in an endless stream of bite-sized fun. Powered by a passionate community of people from all around the world, anyone can join to share cool stuff and vote the best to the top. Youâ€™ll always find something on Imgur to make you smile and brighten your day. Page Type: website Published on: ",50,"positive sentiment, score=0.5560187101364136"
39,Corroboration,Sweden starts largest military exercise in over 25 years | Hacker News,https://news.ycombinator.com/item?id=35607113,"Apr 17, 2023 ... >NATO diplomats hope that Turkish President Recep Tayyip Erdogan will approve Sweden's membership if he is confirmed as the next head ofÂ ... Page Type:  Published on: ",50,"neutral sentiment, score=0.8375398516654968"
40,Corroboration,"Vladimir Putin | Biography, KGB, Political Career, & Facts",https://www.britannica.com/biography/Vladimir-Putin,"Vladimir Putin, in full Vladimir Vladimirovich Putin,  (born October 7, 1952, Leningrad, Russia, U.S.S.R. [now St. Petersburg, Russia]), Russian intelligence officer and politician who served as president (1999â€“2008, 2012â€“ ) of Russia and also was the countryâ€™s prime minister (1999, 2008â€“12).         Putin studied law at Leningrad State University, where his tutor was Anatoly Sobchak, later one of the leading reform politicians of the perestroika period. Putin served 15 years as a foreign intelligence officer for the KGB (Committee for State Security), including six years in Dresden, East Germany. In 1990 he retired from active KGB service with the rank of Page Type: ARTICLE Published on: ",40,"neutral sentiment, score=0.9314995408058167"
41,Corroboration,r/Xcom on Reddit: Putin would never misuse these right?,https://www.reddit.com/r/Xcom/comments/115hukd/putin_would_never_misuse_these_right/,Posted by u/RichardTygan - 622 votes and 73 comments Page Type: website Published on: ,40,"neutral sentiment, score=0.7097766995429993"
42,Corroboration,"Former U.S. secretary of defense, the Honorable Mark T. Esper, responds to audience questions during a Brookings event on the National Defense Strategy",https://www.flickr.com/photos/96739999@N05/52304185534,"On July 14, Brookings hosted a one-on-one conversation between the Honorable Mark T. Esper, who served as the 27th U.S. secretary of defense from 2019 to 2020 and as the 23rd secretary of the Army from 2017 to 2019, and Brookings Senior Fellow Michael Oâ€™Hanlon. They discussed the National Defense Strategy (NDS) and the challenges the U.S. faces in this new era of great power competition, especially from China and Russia.  Oâ€™Hanlon opened their conversation by asking about Esperâ€™s priorities during his tenure as secretary of defense. Esper explained that his main goal was warfighting and the implementation of the 2018 National Defense Strategy along three lines of effort â€” lethality and readiness, strengthening alliances and growing partners, and reforming the Department of Defense. He said that strategy documents tend to be sound and well written but too often â€œget caught up in buzz words and catchphrases that donâ€™t have much meaning,â€ and it is their implementation that is a challenge. As secre Page Type: article Published on: ",40,"neutral sentiment, score=0.8651837706565857"
43,Corroboration,Imgur: The magic of the Internet,https://imgur.com/t/vladimir_putin/time,"Imgur is the easiest way to discover and enjoy the magic of the Internet. Itâ€™s where youâ€™ll find the funniest, most informative and inspiring images, memes, GIFs, and visual stories served up in an endless stream of bite-sized fun. Powered by a passionate community of people from all around the world, anyone can join to share cool stuff and vote the best to the top. Youâ€™ll always find something on Imgur to make you smile and brighten your day. Page Type: website Published on: ",40,"positive sentiment, score=0.5560187101364136"
44,Corroboration,"Soldier, spy: more details of Vladimir Putin's past revealed",https://www.theguardian.com/world/2019/jan/08/soldier-spy-more-details-of-vladimir-putins-past-revealed,"Russian president, on a visit to a fortress, says he commanded a howitzer artillery battalion Page Type: article Published on: 2019-01-08T13:09:10.000Z",30,"neutral sentiment, score=0.9315881133079529"
45,Corroboration,4 things Russia wants right now,https://www.npr.org/2022/01/12/1072413634/russia-nato-ukraine,Russia forced the West into a flurry of diplomacy with its massive troop buildup near Ukraine. Here's a short guide to what the Kremlin wants. Page Type: article Published on: ,30,"neutral sentiment, score=0.8910497426986694"
46,Corroboration,Philip DeFranco on TikTok,https://www.tiktok.com/@philipdefranco/video/7094342960355069226,US and UK Pledge To Defend Finland #LaurelRoad4Nurses #BBPlayDate Page Type: website Published on: ,30,"neutral sentiment, score=0.9534628391265869"
47,Corroboration,How Finland's NATO membership could impact the region,https://www.youtube.com/watch?v=A1lHGnb6sFg,Russian's invasion of Ukraine helped push Finland into becoming the 31st member of the North Atlantic Treaty Organization on Tuesday. CBS News senior foreign... Page Type: video.other Published on: ,30,"neutral sentiment, score=0.7798818349838257"
48,Corroboration,Why Finlandâ€™s NATO ambition is at stake amid Russiaâ€™s invasion of Ukraine,https://www.youtube.com/watch?v=8bfFmrCjRs4,"Finland is edging closer to applying for NATO membership, despite Russian warnings. As per experts, Ukraineâ€™s desire to join the Western alliance was a key f... Page Type: video.other Published on: ",30,"negative sentiment, score=0.6628967523574829"
49,Corroboration,Soul of Ukraine,https://www.flickr.com/photos/donkom/52420820366,"This image is an interesting mix of science and art, created on the floor of my office in a plate filled with coffee cream. Itâ€™s based on the principals often shown to children as a science experiment, where dish soap causes food colouring in milk to spread out make streaking patterns. The same physics were utilized here, but with a different set of ingredients.  I have a number of fluorescing inks, including yellow and blue. With ultraviolet lights pointed towards the plate, I used a pipette to carefully place the ink BELOW the surface of the cream. This is important, as is the use of cream instead of milk, which will create a more tumultuous reaction â€“ so long as you have the right kind of intensely strong dish soap. I drained a few dishwasher pods of their concentrated liquids for best results.  Then comes the Tryzub, the Ukrainian coat of arms. I wanted the colour to be emanating from the emblem of Ukraine, but how? The answer was simple but tedious: I printed out the shape, taped it to a piece of fel Page Type: article Published on: ",30,"neutral sentiment, score=0.7980891466140747"
50,Corroboration,Ministry of Defence ğŸ‡¬ğŸ‡§ on Twitter,https://twitter.com/DefenceHQ/status/1606181010781229059,â€œ(2/4) Russian Defence Minister Sergei Shigou explained that the expansion would involve at least two brigades in north-western Russia growing to divisional strength. He cited the supposed threat from Finland and Swedenâ€™s accession to NATO.â€ Page Type: article Published on: ,20,"neutral sentiment, score=0.9556305408477783"
51,Corroboration,Ministry of Defence ğŸ‡¬ğŸ‡§ on Twitter,https://twitter.com/DefenceHQ/status/1606180735173419009?lang=en,"â€œLatest Defence Intelligence update on the situation in Ukraine - 23 December 2022
 
Find out more about the UK government's response: https://t.co/3hTCDMM4Xq

ğŸ‡ºğŸ‡¦ #StandWithUkraine ğŸ‡ºğŸ‡¦â€ Page Type: article Published on: ",20,"neutral sentiment, score=0.9556305408477783"
52,Corroboration,"Kseniya Sovenko ğŸ‡ºğŸ‡¦ on Instagram: ""I was born in Ukraine, not Russia. If you ask whether Iâ€™m Russian, Iâ€™ll quickly tell you Iâ€™m Ukrainian. Though I spoke Ukrainian and Russian as a childâ€”two entirely distinct languagesâ€”Ukrainian will always be my native tongue. My entire life, Iâ€™ve been deeply proud of my heritage and my ancestors. At 19, I got a tattoo of the Ukrainian coat of armsâ€”the â€˜Tryzubâ€™ which represents a trident, gyrfalcon, and volya, our word for freedomâ€”so I could always carry a piece of home with me.

Yesterday, Russian forces invaded Ukraineâ€”AGAIN. To be clear, this was an unprovoked, blatant act of war against my country. It is not a peacekeeping mission. To associate that word with Russian military forces and Putinâ€™s political, imperial agenda is a total perversion of its meaning.

Right now, thereâ€™s a power greater than myself that wants to erase me, my family, my history, my identity, and my country. Putin is after our blood simply because we want to exist in a",https://www.instagram.com/p/CaSnUMZuS2i/,"1,183 likes, 69 comments - Kseniya Sovenko ğŸ‡ºğŸ‡¦ (@ksenyeah) on Instagram: ""I was born in Ukraine, not Russia. If you ask whether Iâ€™m Russian, Iâ€™ll quickly tell you Iâ€™..."" Page Type: instapp:photo Published on: ",20,"neutral sentiment, score=0.41418224573135376"
53,Corroboration,GeoVane on TikTok,https://www.tiktok.com/@geovanevideo/video/7041909078959951109,Keep your head warm and secure with the ARGS MK I Beanie | Now available on the profile shop. ğŸš¨ #argsshop #arglobalsecurity #geopolitics Page Type: website Published on: ,20,"neutral sentiment, score=0.9552721977233887"
54,Corroboration,russian military greets putinï½œTikTok Search,https://www.tiktok.com/discover/russian-military-greets-putin,Discover videos related to russian military greets putin on TikTok. Page Type: website Published on: ,20,"neutral sentiment, score=0.9388964772224426"
55,Corroboration,Did NATO promise Russia never to expand to the east? | DW News,https://www.youtube.com/watch?v=nVt-WXTLIZM,"Just before his army invaded Ukraine, Russian President Vladimir Putin outlined his motivations in a speech.His main argument: NATO's eastward expansion.He b... Page Type: video.other Published on: ",20,"neutral sentiment, score=0.8889490962028503"
56,Corroboration,"NATO Secretary General at panel discussion at the World Economic Forum, DavosğŸ‡¨ğŸ‡­, 18 JAN 2023",https://www.youtube.com/watch?v=5lsxg56ktTI,"Remarks by NATO Secretary General Jens Stoltenberg during panel discussion at the annual meeting of the World Economic Forum in Davos, Switzerland, Wednesday... Page Type: video.other Published on: ",20,"neutral sentiment, score=0.905495285987854"
57,Corroboration,"NATO Secretary General with European Council & Commission Presidents ğŸ‡ªğŸ‡º, 10 JAN 2023",https://www.youtube.com/watch?v=7FzgNreywFQ,"Joint press conference by NATO Secretary General Jens Stoltenberg, President of the European Council Charles Michel and President of the European Commission,... Page Type: video.other Published on: ",20,"neutral sentiment, score=0.9289918541908264"
58,Corroboration,Ukraine Under Attack,https://www.flickr.com/photos/13476480@N07/51970420178,"Ukrainian soldiers at a checkpoint in Kyiv last week. In peace talks on Tuesday, Russia said it would scale back its offensive there, but Russiaâ€™s advance has already stalled.Credit...Ivor Prickett for The New York Times  www-nytimes-com.translate.goog/live/2022/03/29/world/ukra...  ------------  Steven Erlanger March 29, 2022, 1:52 p.m. ETMarch 29, 2022 March 29, 2022  Steven Erlanger Concessions at peace talks may be little more than tactics, analysts say.  The Russian-Ukrainian negotiations in Turkey on Tuesday showed a Russia more realistic about the course of its war but in no hurry to end it, according to diplomats and analysts.  Russiaâ€™s deputy defense minister, Aleksandr Fomin, presented the decision to â€œsharply reduceâ€ military activity around the capital, Kyiv, and the northern city of Chernihiv as a gesture â€œto increase mutual trust for future negotiations.â€  But the Russian advance in the north had already stalled, with Russiaâ€™s troops around Kyiv taking up defensive positions in the Page Type: article Published on: ",20,"neutral sentiment, score=0.5468081831932068"
59,Corroboration,Rene Vollgraaff (@vollgraaffR) / Twitter,https://www.twitter.com/vollgraaffR,"Team Leader for Sub-Saharan Africa Breaking News - Bloomberg News - Retweets aren't endorsements, opinions are my own. Runner. Page Type: profile Published on: ",20,"neutral sentiment, score=0.9495683312416077"
60,Corroboration,Watch Vladivostok: Russia's New Eldorado Online | Vimeo On Demand,https://vimeo.com/ondemand/vladivostok,"10,000 kilometers from Moscow, two hours from both China and North Korea, Vladivostok is Russiaâ€™s new frontier of tomorrow. Putin says he wants to make itâ€¦ Page Type: video.other Published on: ",20,"neutral sentiment, score=0.944693386554718"
61,Corroboration,War and Cheese,https://vimeo.com/170083208,"â€œI heard destiny callingâ€¦ I was going to be a cheesemaker.â€ When Oleg Sirota discovered his native Russia was banning all Western cheese imports,â€¦ Page Type: video.other Published on: ",20,"neutral sentiment, score=0.9591792821884155"
62,Corroboration,This Land Is Mine revised,https://vimeo.com/199418954,I replaced the Orthodox-looking mid-century Zionist with a more historically accurate (ha) depiction. Of course if I do that for every character I'll spendâ€¦ Page Type: video.other Published on: ,20,"neutral sentiment, score=0.8921757936477661"
63,Corroboration,DOC LA - When We Dance,https://vimeo.com/756034111,"Tickets @ docla.org/2022. On February 24, 2022 Vladimir Putin and his Russian army invaded Ukraine, beginning an ongoing conflict that has cost thousands of livesâ€¦ Page Type: video.other Published on: ",20,"neutral sentiment, score=0.949413001537323"
64,Corroboration,NATO-Russia: setting the record straight,https://www.nato.int/cps/en/natohq/115204.htm,"Sep 21, 2022 ... Myth 2: NATO promised Russia it would not expand after the Cold War ... In response to Russia's use of military force against Ukraine,Â ... Page Type: website Published on: ",20,"neutral sentiment, score=0.761633574962616"
65,Corroboration,"Marina Mazepa on Instagram: ""My name is Marina Mazepa. Iâ€™m Ukrainian! ğŸ‡ºğŸ‡¦ My family and my country are being bombed by Russian invaders. Iâ€™m posting this to spread awareness to English speaking people and countries about the REALITY of whatâ€™s happening in Ukraine! PLEASE READ, SWIPE & SHAREğŸ™Œ

Iâ€™ve never been a political person! Never been involved or interested in any political discussions or events. Iâ€™m an actor based in LA, currently filming a John Wick TV Show in Budapest! All I ever wanted was to become a successful international actress and inspire others to follow their dreamsâ€¦ BUTâ€¦ Since Russian president PUTIN started the war against my country Ukraine on February 24th 2022 my life has totally changed in an unpredictable way! Russian Invaders are bombing NOT ONLY THE GOVERNMENT AND MILITARY Facilities as the Russian media claims, but they are also destroying and shooting civilians and residential districts (houses, kinder gardens, hospitals slide 7) including my friends and famil",https://www.instagram.com/p/Cah1rcZA4_8/?utm_medium=twitter,"February 28, 2022 - 16K likes, 551 comments - Marina Mazepa (@marina_mazepa) on Instagram: ""My name is Marina Mazepa. Iâ€™m Ukrainian! ğŸ‡ºğŸ‡¦ My family and my country are being bombed by ..."" Page Type: instapp:photo Published on: ",10,"negative sentiment, score=0.5002695322036743"
66,Corroboration,"Willem Marx on Instagram: ""American forces have been stationed in Germany since the end of the Second World War, and at the height of the Cold War there were several hundred thousand U.S. soldiers based in the country to deter Soviet aggression. 

Today, there are still 36,000 American troops spread across a number of German military facilities, now in theory supporting NATO and offering deterrence to Russia. President Trump announced this summer that he wanted to slash that number by a third, with the Pentagon announcing that more than 6,400 soldiers would return to the United States, and around 5,600 redeploying elsewhere in Europe. 

Former military commanders and national security officials have said this plan is a mistake, while Joe Biden's campaign told us it was ""irresponsible."" So we went to southern Germany to understand the potential implications for European security of this highly contested decision by the Trump administration. 

#Trump #WhiteHouse #Pentagon #Germany #Washington #Hohenfels #Vilsec",https://www.instagram.com/p/CGUeYk9Ajyp/,"32 likes, 0 comments - Willem Marx (@willempmarx) on Instagram: ""American forces have been stationed in Germany since the end of the Second World War, and at the ..."" Page Type: video Published on: ",10,"negative sentiment, score=0.7720768451690674"
67,Corroboration,NATO,https://www.facebook.com/NATO/,"NATO, Brussels, Belgium. 1,689,895 likes Â· 11,810 talking about this Â· 24,449 were here. Official Facebook page of NATO - the North Atlantic Treaty Organization - http://www.nato.int Page Type:  Published on: ",10,"neutral sentiment, score=0.9620580077171326"
68,Corroboration,Illustration By Neil Jamieson for TIME,https://www.flickr.com/photos/13476480@N07/51916080057,How Volodymyr Zelensky Defended Ukraine and United the World  time-com.translate.goog/6154139/volodymyr-zelensky-ukrain... Page Type: article Published on: ,10,"neutral sentiment, score=0.9477722644805908"
69,Corroboration,"Oh God, What Now? | Creating Oh God, What Now? The Politics Podcast | Patreon",https://www.patreon.com/ohgodwhatnow,"You'll get every episode of OH GOD, WHAT NOW? a day early, plus smart merchandise and amazing perks like exclusive access to our Zoom live events,Â ... Page Type: article Published on: ",10,"neutral sentiment, score=0.9286518692970276"
